"Question,Answer"
"What is Legitt AI?,""Legitt AI is an AI-native platform that leverages artificial intelligence and blockchain technology to streamline contract lifecycle management and sales enablement. It helps businesses manage proposals and contracts processes efficiently, ensuring faster turnaround, stronger compliance, reducing risks, and optimizing processes for faster deal closures."""
"What is AI Led Sales Enablement?,""AI-led Sales Enablement is the use of artificial intelligence to enhance sales processes by providing teams with real-time insights, automated tools, and data-driven recommendations. It helps optimize tasks like lead scoring, proposal generation, customer interactions, and deal management, enabling sales teams to work more efficiently and close deals faster."""
"What is Contract Life Cycle Management (CLM)?,""Contract Lifecycle Management (CLM) is the process of managing a contract from its creation, negotiation, and execution to its ongoing management, renewal, and eventual termination. It involves streamlining contract workflows, ensuring compliance, reducing risks, and optimizing the value of agreements throughout their entire lifecycle."""
"How does AI Native Sales Enablement and Contract Management differ from traditional sales and contract management?,""AI-native Sales Enablement and Contract Management differ from traditional approaches by leveraging automation and real-time data analysis to streamline processes. AI tools automate tasks like lead scoring, contract drafting, and performance tracking, reducing manual effort and errors found in traditional systems. They provide predictive insights, enabling proactive decision-making, whereas traditional methods are often reactive."""
"How does CLM differ from traditional contract management?,""Traditional contract management is often reactive and fragmented. CLM, on the other hand, is a more strategic and holistic approach, leveraging technology to automate and optimize the entire contract lifecycle for better efficiency and risk management."""
"Why is CLM important for businesses?,""CLM is essential as it helps businesses manage contractual obligations effectively, reduce risks, enhance efficiency, and ensure compliance, thereby improving overall business performance and profitability."""
"What role does AI play in CLM?,""AI in CLM enhances contract analytics, risk assessment, clause identification, automated data extraction, and predictive insights, leading to more informed decision-making and proactive contract management."""
"What features should a good CLM software have?,""Key features include contract creation and templating, workflow automation, central repository, compliance tracking, analytics and reporting, alert notifications, electronic signatures, and integration capabilities with other business systems."""
"What are the challenges in implementing a CLM solution?,""Challenges include resistance to change, the complexity of migrating existing contracts, integration with other systems, ensuring user adoption, and aligning the CLM solution with business processes."""
"How does CLM deal with confidentiality and data privacy?,""CLM ensures data privacy and confidentiality through secure data handling practices, access controls, compliance with privacy laws, and safeguarding sensitive contract information."""
"What is the future of CLM technology?,""The future of CLM includes more AI and machine learning integration for predictive analytics, greater emphasis on mobile accessibility, and enhanced integration with other business technologies."""
"How does CLM handle multi-party contracts?,""CLM efficiently manages multi-party contracts by coordinating communications, approvals, and obligations among all parties, ensuring transparency and compliance."""
"How does CLM handle different contract types and categories?,""CLM can manage various contract types (e.g., sales, procurement, employment) and categories by providing customizable templates, workflows, and compliance checks suited to each type."""
"Can CLM solutions support global operations in different jurisdictions?,""Yes, advanced CLM solutions cater to global operations by handling multi-currency transactions, complying with various legal systems, and supporting multiple languages."""
"What are the key features of mobile accessibility in CLM software?,""Key features include access to contract data on-the-go, the ability to review, approve, and sign contracts remotely, and real-time alerts and notifications."""
"What are the advantages of cloud-based CLM solutions?,""Cloud-based CLM offers scalability, accessibility from any location, lower upfront costs, and ease of integration with other cloud applications."""
"What are the GDPR considerations in CLM?,""GDPR considerations include ensuring personal data in contracts is handled in compliance with GDPR requirements, including data subject rights and data protection."""
"What is the importance of user interface and experience in CLM software?,""A user-friendly interface and experience in CLM software enhance user adoption, reduce training time, and improve overall efficiency in contract management."""
"Can Legitt AI integrate with ERP systems?,""Yes, it can integrate with various ERP systems, providing a holistic approach to enterprise resource and contract management."""
"Does Legitt AI offer contract lifecycle visualization?,""Yes, it provides visual representations of the contract lifecycle, aiding in better understanding and management."""
